-- phpMyAdmin SQL Dump
-- version 5.2.1
-- https://www.phpmyadmin.net/
--
-- Host: 127.0.0.1
-- Generation Time: Sep 03, 2024 at 05:20 PM
-- Server version: 10.4.32-MariaDB
-- PHP Version: 8.2.12

SET SQL_MODE = "NO_AUTO_VALUE_ON_ZERO";
START TRANSACTION;
SET time_zone = "+00:00";


/*!40101 SET @OLD_CHARACTER_SET_CLIENT=@@CHARACTER_SET_CLIENT */;
/*!40101 SET @OLD_CHARACTER_SET_RESULTS=@@CHARACTER_SET_RESULTS */;
/*!40101 SET @OLD_COLLATION_CONNECTION=@@COLLATION_CONNECTION */;
/*!40101 SET NAMES utf8mb4 */;

--
-- Database: `newsportal`
--

-- --------------------------------------------------------

--
-- Table structure for table `tbladmin`
--

CREATE TABLE `tbladmin` (
  `id` int(11) NOT NULL,
  `AdminUserName` varchar(255) DEFAULT NULL,
  `AdminPassword` varchar(255) DEFAULT NULL,
  `AdminEmailId` varchar(255) DEFAULT NULL,
  `userType` int(11) DEFAULT NULL,
  `CreationDate` timestamp NOT NULL DEFAULT current_timestamp(),
  `UpdationDate` timestamp NULL DEFAULT NULL ON UPDATE current_timestamp()
) ENGINE=InnoDB DEFAULT CHARSET=latin1 COLLATE=latin1_swedish_ci;

--
-- Dumping data for table `tbladmin`
--

INSERT INTO `tbladmin` (`id`, `AdminUserName`, `AdminPassword`, `AdminEmailId`, `userType`, `CreationDate`, `UpdationDate`) VALUES
(1, 'admin', 'f925916e2754e5e03f75dd58a5733251', 'chris@gmail.com', 1, '2024-01-09 18:30:00', '2024-09-03 12:33:31'),
(3, 'subadmin', 'f925916e2754e5e03f75dd58a5733251', 'chile@gmail.in', 0, '2024-01-09 18:30:00', '2024-09-03 12:33:49'),
(4, 'suadmin2', 'f925916e2754e5e03f75dd58a5733251', 'sbadmin@test.com', 0, '2024-01-09 18:30:00', '2024-01-31 05:43:01');

-- --------------------------------------------------------

--
-- Table structure for table `tblcategory`
--

CREATE TABLE `tblcategory` (
  `id` int(11) NOT NULL,
  `CategoryName` varchar(200) DEFAULT NULL,
  `Description` mediumtext DEFAULT NULL,
  `PostingDate` timestamp NULL DEFAULT current_timestamp(),
  `UpdationDate` timestamp NULL DEFAULT NULL ON UPDATE current_timestamp(),
  `Is_Active` int(1) DEFAULT NULL
) ENGINE=InnoDB DEFAULT CHARSET=latin1 COLLATE=latin1_swedish_ci;

--
-- Dumping data for table `tblcategory`
--

INSERT INTO `tblcategory` (`id`, `CategoryName`, `Description`, `PostingDate`, `UpdationDate`, `Is_Active`) VALUES
(3, 'Sports', 'Related to sports news', '2024-01-11 18:30:00', '2024-01-31 05:43:16', 1),
(5, 'Entertainment', 'Entertainment related  News', '2024-01-11 18:30:00', '2024-01-31 05:43:25', 1),
(6, 'Politics', 'Politics', '2024-01-11 18:30:00', '2024-01-31 05:43:25', 1),
(7, 'Business', 'Business', '2024-01-11 18:30:00', '2024-01-31 05:43:25', 1),
(8, 'COVID-19', 'COVID-19', '2024-01-11 18:30:00', '2024-01-31 05:43:25', 1);

-- --------------------------------------------------------

--
-- Table structure for table `tblcomments`
--

CREATE TABLE `tblcomments` (
  `id` int(11) NOT NULL,
  `postId` int(11) DEFAULT NULL,
  `name` varchar(120) DEFAULT NULL,
  `email` varchar(150) DEFAULT NULL,
  `comment` mediumtext DEFAULT NULL,
  `postingDate` timestamp NULL DEFAULT current_timestamp(),
  `status` int(1) DEFAULT NULL
) ENGINE=InnoDB DEFAULT CHARSET=latin1 COLLATE=latin1_swedish_ci;

--
-- Dumping data for table `tblcomments`
--

INSERT INTO `tblcomments` (`id`, `postId`, `name`, `email`, `comment`, `postingDate`, `status`) VALUES
(2, 12, 'Test user', 'test@gmail.com', 'This is sample text for testing.', '2024-01-18 18:30:00', 1),
(3, 7, 'ABC', 'abc@test.com', 'This is sample text for testing.', '2024-01-22 18:30:00', 0);

-- --------------------------------------------------------

--
-- Table structure for table `tblpages`
--

CREATE TABLE `tblpages` (
  `id` int(11) NOT NULL,
  `PageName` varchar(200) DEFAULT NULL,
  `PageTitle` mediumtext DEFAULT NULL,
  `Description` longtext DEFAULT NULL,
  `PostingDate` timestamp NULL DEFAULT current_timestamp(),
  `UpdationDate` timestamp NULL DEFAULT NULL ON UPDATE current_timestamp()
) ENGINE=InnoDB DEFAULT CHARSET=latin1 COLLATE=latin1_swedish_ci;

--
-- Dumping data for table `tblpages`
--

INSERT INTO `tblpages` (`id`, `PageName`, `PageTitle`, `Description`, `PostingDate`, `UpdationDate`) VALUES
(1, 'aboutus', 'About News Portal', '<p><font color=\"#7b8898\" face=\"Mercury SSm A, Mercury SSm B, Georgia, Times, Times New Roman, Microsoft YaHei New, Microsoft Yahei, å¾®è½¯é›…é»‘, å®‹ä½“, SimSun, STXihei, åŽæ–‡ç»†é»‘, serif\"><span style=\"font-size: 26px;\">Welcome to News Portal, your one-stop destination for staying informed and up-to-date with the latest news and developments from around the world.<br></span></font><font color=\"#7b8898\" face=\"Mercury SSm A, Mercury SSm B, Georgia, Times, Times New Roman, Microsoft YaHei New, Microsoft Yahei, å¾®è½¯é›…é»‘, å®‹ä½“, SimSun, STXihei, åŽæ–‡ç»†é»‘, serif\"><span style=\"font-size: 26px;\">At&nbsp;</span></font><span style=\"color: rgb(123, 136, 152); font-family: &quot;Mercury SSm A&quot;, &quot;Mercury SSm B&quot;, Georgia, Times, &quot;Times New Roman&quot;, &quot;Microsoft YaHei New&quot;, &quot;Microsoft Yahei&quot;, å¾®è½¯é›…é»‘, å®‹ä½“, SimSun, STXihei, åŽæ–‡ç»†é»‘, serif; font-size: 26px;\">News Portal</span><font color=\"#7b8898\" face=\"Mercury SSm A, Mercury SSm B, Georgia, Times, Times New Roman, Microsoft YaHei New, Microsoft Yahei, å¾®è½¯é›…é»‘, å®‹ä½“, SimSun, STXihei, åŽæ–‡ç»†é»‘, serif\"><span style=\"font-size: 26px;\">, we understand the importance of reliable and timely information in today\'s fast-paced world. Our team of dedicated journalists and editors work tirelessly to bring you the most relevant and engaging stories from a variety of sources, ensuring that you are always well-informed on the issues that matter most to you.<br></span></font><font color=\"#7b8898\" face=\"Mercury SSm A, Mercury SSm B, Georgia, Times, Times New Roman, Microsoft YaHei New, Microsoft Yahei, å¾®è½¯é›…é»‘, å®‹ä½“, SimSun, STXihei, åŽæ–‡ç»†é»‘, serif\"><span style=\"font-size: 26px;\">Whether you\'re interested in politics, sports, entertainment, technology, or business, you\'ll find it all here on&nbsp;</span></font><span style=\"color: rgb(123, 136, 152); font-family: &quot;Mercury SSm A&quot;, &quot;Mercury SSm B&quot;, Georgia, Times, &quot;Times New Roman&quot;, &quot;Microsoft YaHei New&quot;, &quot;Microsoft Yahei&quot;, å¾®è½¯é›…é»‘, å®‹ä½“, SimSun, STXihei, åŽæ–‡ç»†é»‘, serif; font-size: 26px;\">News Portal</span><font color=\"#7b8898\" face=\"Mercury SSm A, Mercury SSm B, Georgia, Times, Times New Roman, Microsoft YaHei New, Microsoft Yahei, å¾®è½¯é›…é»‘, å®‹ä½“, SimSun, STXihei, åŽæ–‡ç»†é»‘, serif\"><span style=\"font-size: 26px;\">. Our user-friendly interface makes it easy to navigate through the latest headlines, explore in-depth articles, and discover new perspectives on the events shaping our world.<br></span></font><font color=\"#7b8898\" face=\"Mercury SSm A, Mercury SSm B, Georgia, Times, Times New Roman, Microsoft YaHei New, Microsoft Yahei, å¾®è½¯é›…é»‘, å®‹ä½“, SimSun, STXihei, åŽæ–‡ç»†é»‘, serif\"><span style=\"font-size: 26px;\">But&nbsp;</span></font><span style=\"color: rgb(123, 136, 152); font-family: &quot;Mercury SSm A&quot;, &quot;Mercury SSm B&quot;, Georgia, Times, &quot;Times New Roman&quot;, &quot;Microsoft YaHei New&quot;, &quot;Microsoft Yahei&quot;, å¾®è½¯é›…é»‘, å®‹ä½“, SimSun, STXihei, åŽæ–‡ç»†é»‘, serif; font-size: 26px;\">News Portal</span><font color=\"#7b8898\" face=\"Mercury SSm A, Mercury SSm B, Georgia, Times, Times New Roman, Microsoft YaHei New, Microsoft Yahei, å¾®è½¯é›…é»‘, å®‹ä½“, SimSun, STXihei, åŽæ–‡ç»†é»‘, serif\"><span style=\"font-size: 26px;\">&nbsp;is more than just a news website – it\'s a community of curious minds and engaged citizens who come together to discuss, debate, and share ideas. We believe in the power of journalism to inspire change and foster understanding, and we\'re committed to providing a platform where voices from all walks of life can be heard.<br></span></font><font color=\"#7b8898\" face=\"Mercury SSm A, Mercury SSm B, Georgia, Times, Times New Roman, Microsoft YaHei New, Microsoft Yahei, å¾®è½¯é›…é»‘, å®‹ä½“, SimSun, STXihei, åŽæ–‡ç»†é»‘, serif\"><span style=\"font-size: 26px;\">Join us on our mission to inform, inspire, and empower. Together, we can make a difference.</span></font></p>', '2024-01-14 18:30:00', '2024-03-03 16:56:17'),
(2, 'contactus', 'Contact Details', '<p><br></p><p><b>Address :&nbsp; </b>Luanshya, Zambia</p><p><b>Phone Number : </b>+260 769 755177</p><p><b>Email -id : </b>nchristopherchilengwe@gmail.com</p>', '2024-01-15 18:30:00', '2024-09-03 12:36:46');

-- --------------------------------------------------------

--
-- Table structure for table `tblposts`
--

CREATE TABLE `tblposts` (
  `id` int(11) NOT NULL,
  `PostTitle` longtext DEFAULT NULL,
  `CategoryId` int(11) DEFAULT NULL,
  `SubCategoryId` int(11) DEFAULT NULL,
  `PostDetails` longtext CHARACTER SET utf8 COLLATE utf8_general_ci DEFAULT NULL,
  `PostingDate` timestamp NULL DEFAULT current_timestamp(),
  `UpdationDate` timestamp NULL DEFAULT NULL ON UPDATE current_timestamp(),
  `Is_Active` int(1) DEFAULT NULL,
  `PostUrl` mediumtext DEFAULT NULL,
  `PostImage` varchar(255) DEFAULT NULL,
  `viewCounter` int(11) DEFAULT NULL,
  `postedBy` varchar(255) DEFAULT NULL,
  `lastUpdatedBy` varchar(255) DEFAULT NULL
) ENGINE=InnoDB DEFAULT CHARSET=latin1 COLLATE=latin1_swedish_ci;

--
-- Dumping data for table `tblposts`
--

INSERT INTO `tblposts` (`id`, `PostTitle`, `CategoryId`, `SubCategoryId`, `PostDetails`, `PostingDate`, `UpdationDate`, `Is_Active`, `PostUrl`, `PostImage`, `viewCounter`, `postedBy`, `lastUpdatedBy`) VALUES
(7, 'England skipper Jos Butler in doubt for Australia T20Is after calf-injury', 3, 4, '<p style=\"margin-bottom: 15px; padding: 0px; font-size: 16px; font-family: PTSans, sans-serif;\">\r\n  <span style=\"margin: 0px; padding: 0px; font-weight: 700;\">England\'s T20I series against Australia might be missing their captain, Jos Buttler, due to a setback in his recovery from a calf injury. Buttler re-aggravated the injury during rehab, which has ruled him out of Lancashire Lightning\'s T20 Blast quarter-final and raises doubts about his participation in the T20I series.</span>\r\n</p>\r\n<p style=\"margin-bottom: 15px; padding: 0px; font-size: 16px; font-family: PTSans, sans-serif;\">\r\n  Buttler, who has not played for England since their semi-final defeat to India in the T20 World Cup in June, picked up the injury while preparing for the Hundred in July. Lancashire Lightning coach Dale Benkenstein confirmed that Buttler\'s latest setback could affect his international appearances as well.\r\n</p>\r\n<p style=\"margin-bottom: 15px; padding: 0px; font-size: 16px; font-family: PTSans, sans-serif;\">\r\n  Sam Curran and Phil Salt are emerging as potential stand-ins as the team hopes for Buttler\'s recovery. The T20 Blast quarter-final against Sussex Sharks on September 4 will proceed without Buttler.\r\n</p>\r\n', '2024-01-15 18:30:00', '2024-09-03 12:44:14', 1, 'England-skipper-Jos-Butler-in-doubt-for Australia-T20Is-after-calf-injury', '6d08a26c92cf30db69197a1fb7230626.jpg', 24, 'admin', NULL),
(10, 'Zambia Mental Company Deal', 7, 9, '<h1 style=\"box-sizing: inherit; margin-top: 0px; padding: 0px; font-family: Roboto, sans-serif; font-size: 38px; line-height: normal; letter-spacing: -0.5px; color: rgb(51, 51, 51);\">\r\n    <span itemprop=\"headline\" style=\"box-sizing: inherit;\">Zambia Mental Company Deal</span>\r\n    Zambia Mental Company DealZambia Mental Company DealZambia Mental Company DealZambia Mental Company DealZambia Mental Company Deal\r\n</h1>\r\n', '2024-01-16 18:30:00', '2024-09-03 12:56:16', 1, 'Zambia-Mental-Company-Deal', '505e59c459d38ce4e740e3c9f5c6caf7.jpg', 1, 'admin', NULL),
(11, 'UNs Jean Pierre Lacroix thanks Zambia for contribution to peacekeeping', 6, 8, '<p>UN Secretary-General António Guterres commends Zambia for its contributions to peacekeeping efforts. Zambia has been a key player in supporting global peace missions, showcasing its commitment to international stability and security. Through its active participation in UN peacekeeping operations, Zambia has demonstrated a strong dedication to maintaining peace and addressing conflicts in various regions around the world. The country’s contributions have been recognized and appreciated by the international community, underscoring its role in promoting global peace and security.</p>\r\n', '2024-01-16 18:30:00', '2024-09-03 12:57:27', 1, 'UNs-Jean-Pierre-Lacroix-thanks-Zambia-for-contribution-to-peacekeeping', '27095ab35ac9b89abb8f32ad3adef56a.jpg', 34, 'admin', NULL),
(12, 'Russia-Ukraine war', 6, 7, '<p style=\"margin-bottom: 15px; padding: 0px; font-size: 16px; font-family: PTSans, sans-serif;\">\r\n  <span style=\"margin: 0px; padding: 0px; font-weight: 700;\">Russia\'s military actions in Ukraine continue to escalate as tensions between the two nations reach new heights. The conflict, which began with Russia\'s annexation of Crimea in 2014, has seen numerous developments, including increased fighting in eastern Ukraine and growing international condemnation of Russia\'s aggression.</span>\r\n</p>\r\n<p style=\"margin-bottom: 15px; padding: 0px; font-size: 16px; font-family: PTSans, sans-serif;\">\r\n  The United Nations has repeatedly called for a ceasefire and diplomatic solutions to end the hostilities. However, both sides remain entrenched in their positions, and the situation on the ground remains highly volatile. The ongoing conflict has led to significant humanitarian issues, with thousands displaced and numerous casualties reported.\r\n</p>\r\n<p style=\"margin-bottom: 15px; padding: 0px; font-size: 16px; font-family: PTSans, sans-serif;\">\r\n  The international community continues to monitor the situation closely, with various countries and organizations working to mediate and provide aid to those affected by the war. The global response highlights the urgency of finding a resolution to this complex and challenging conflict.\r\n</p>\r\n', '2024-01-17 18:30:00', '2024-09-03 12:49:32', 1, 'Russia-Ukraine-War', '7fdc1a630c238af0815181f9faa190f5.jpg', 22, 'admin', NULL);

-- --------------------------------------------------------

--
-- Table structure for table `tblsubcategory`
--

CREATE TABLE `tblsubcategory` (
  `SubCategoryId` int(11) NOT NULL,
  `CategoryId` int(11) DEFAULT NULL,
  `Subcategory` varchar(255) DEFAULT NULL,
  `SubCatDescription` mediumtext DEFAULT NULL,
  `PostingDate` timestamp NOT NULL DEFAULT current_timestamp(),
  `UpdationDate` timestamp NULL DEFAULT NULL ON UPDATE current_timestamp(),
  `Is_Active` int(1) DEFAULT NULL
) ENGINE=InnoDB DEFAULT CHARSET=latin1 COLLATE=latin1_swedish_ci;

--
-- Dumping data for table `tblsubcategory`
--

INSERT INTO `tblsubcategory` (`SubCategoryId`, `CategoryId`, `Subcategory`, `SubCatDescription`, `PostingDate`, `UpdationDate`, `Is_Active`) VALUES
(3, 5, 'Hollywood', 'Hollywood Breaking News', '2024-01-14 18:30:00', '2024-09-03 12:58:49', 1),
(4, 3, 'Cricket', 'Cricket\r\n\r\n', '2024-01-14 18:30:00', '2024-01-31 05:48:39', 1),
(5, 3, 'Football', 'Football', '2024-01-14 18:30:00', '2024-01-31 05:48:39', 1),
(6, 5, 'Television', 'TeleVision', '2024-01-14 18:30:00', '2024-01-31 05:48:39', 1),
(7, 6, 'National', 'National', '2024-01-14 18:30:00', '2024-01-31 05:48:39', 1),
(8, 6, 'International', 'International', '2024-01-14 18:30:00', '2024-01-31 05:48:39', 1),
(9, 7, 'Zambia', 'Zambia', '2024-01-14 18:30:00', '2024-09-03 12:59:13', 1),
(10, 8, 'Vaccination', 'Vaccination', '2024-01-14 18:30:00', '2024-01-31 05:48:39', 1);

--
-- Indexes for dumped tables
--

--
-- Indexes for table `tbladmin`
--
ALTER TABLE `tbladmin`
  ADD PRIMARY KEY (`id`),
  ADD KEY `AdminUserName` (`AdminUserName`);

--
-- Indexes for table `tblcategory`
--
ALTER TABLE `tblcategory`
  ADD PRIMARY KEY (`id`);

--
-- Indexes for table `tblcomments`
--
ALTER TABLE `tblcomments`
  ADD PRIMARY KEY (`id`),
  ADD KEY `id` (`id`),
  ADD KEY `postId` (`postId`);

--
-- Indexes for table `tblpages`
--
ALTER TABLE `tblpages`
  ADD PRIMARY KEY (`id`);

--
-- Indexes for table `tblposts`
--
ALTER TABLE `tblposts`
  ADD PRIMARY KEY (`id`),
  ADD KEY `id` (`id`),
  ADD KEY `postcatid` (`CategoryId`),
  ADD KEY `postsucatid` (`SubCategoryId`),
  ADD KEY `subadmin` (`postedBy`);

--
-- Indexes for table `tblsubcategory`
--
ALTER TABLE `tblsubcategory`
  ADD PRIMARY KEY (`SubCategoryId`),
  ADD KEY `catid` (`CategoryId`);

--
-- AUTO_INCREMENT for dumped tables
--

--
-- AUTO_INCREMENT for table `tbladmin`
--
ALTER TABLE `tbladmin`
  MODIFY `id` int(11) NOT NULL AUTO_INCREMENT, AUTO_INCREMENT=5;

--
-- AUTO_INCREMENT for table `tblcategory`
--
ALTER TABLE `tblcategory`
  MODIFY `id` int(11) NOT NULL AUTO_INCREMENT, AUTO_INCREMENT=9;

--
-- AUTO_INCREMENT for table `tblcomments`
--
ALTER TABLE `tblcomments`
  MODIFY `id` int(11) NOT NULL AUTO_INCREMENT, AUTO_INCREMENT=4;

--
-- AUTO_INCREMENT for table `tblpages`
--
ALTER TABLE `tblpages`
  MODIFY `id` int(11) NOT NULL AUTO_INCREMENT, AUTO_INCREMENT=3;

--
-- AUTO_INCREMENT for table `tblposts`
--
ALTER TABLE `tblposts`
  MODIFY `id` int(11) NOT NULL AUTO_INCREMENT, AUTO_INCREMENT=14;

--
-- AUTO_INCREMENT for table `tblsubcategory`
--
ALTER TABLE `tblsubcategory`
  MODIFY `SubCategoryId` int(11) NOT NULL AUTO_INCREMENT, AUTO_INCREMENT=11;

--
-- Constraints for dumped tables
--

--
-- Constraints for table `tblcomments`
--
ALTER TABLE `tblcomments`
  ADD CONSTRAINT `pid` FOREIGN KEY (`postId`) REFERENCES `tblposts` (`id`) ON DELETE NO ACTION ON UPDATE NO ACTION;

--
-- Constraints for table `tblposts`
--
ALTER TABLE `tblposts`
  ADD CONSTRAINT `postcatid` FOREIGN KEY (`CategoryId`) REFERENCES `tblcategory` (`id`) ON DELETE NO ACTION ON UPDATE NO ACTION,
  ADD CONSTRAINT `postsucatid` FOREIGN KEY (`SubCategoryId`) REFERENCES `tblsubcategory` (`SubCategoryId`) ON DELETE NO ACTION ON UPDATE NO ACTION,
  ADD CONSTRAINT `subadmin` FOREIGN KEY (`postedBy`) REFERENCES `tbladmin` (`AdminUserName`) ON DELETE NO ACTION ON UPDATE NO ACTION;

--
-- Constraints for table `tblsubcategory`
--
ALTER TABLE `tblsubcategory`
  ADD CONSTRAINT `catid` FOREIGN KEY (`CategoryId`) REFERENCES `tblcategory` (`id`) ON DELETE NO ACTION ON UPDATE NO ACTION;
COMMIT;

/*!40101 SET CHARACTER_SET_CLIENT=@OLD_CHARACTER_SET_CLIENT */;
/*!40101 SET CHARACTER_SET_RESULTS=@OLD_CHARACTER_SET_RESULTS */;
/*!40101 SET COLLATION_CONNECTION=@OLD_COLLATION_CONNECTION */;
